name, map, tel
놀부부대찌개, http://dmaps.kr/t56t, 02-533-5766
김이박부대찌개, http://dmaps.kr/t56v, 02-522-7025
부산아지매국밥, http://dmaps.kr/t56y, 02-523-9882
푸주옥, http://dmaps.kr/t575, 02-596-2350
기와집순두부, http://dmaps.kr/t576, 02-599-0579
카츠네치킨, http://dmaps.kr/2intm, 02-6052-2128
쌍별식당,http://dmaps.kr/6xb6y,02-587-8907
오니기리와이규동, http://dmaps.kr/t57d, 02-535-1290
김둘레순대국,http://dmaps.kr/6xb7s,02-3474-2221
버거킹,http://dmaps.kr/6xb7e,02-596-0332
맥도날드, http://dmaps.kr/t57m, 070-7017-6987
마음은콩밭에,http://dmaps.kr/6xb8g,02-581-0083
육대장, http://dmaps.kr/t57s, 02-6959-7889
포석정, http://dmaps.kr/t57t, 02-569-0003
순남시래기, http://dmaps.kr/2io2z, 02-522-9977
자연별곡, http://dmaps.kr/t57w, 02-532-5425
사보텐, http://dmaps.kr/t57p, 02-596-4510
홍콩반점, http://dmaps.kr/t582, 02-522-9089
바르다김선생, http://dmaps.kr/t583, 02-582-0131
하이난, http://dmaps.kr/t584, 02-595-2560
미스터피자, http://dmaps.kr/t586, 02-525-2700
이자와, http://dmaps.kr/t589, 02-598-5090
교대이층집, http://dmaps.kr/t58d, 02-525-6692
돌배기집, http://dmaps.kr/t58f, 02-585-6780
아끼야, http://dmaps.kr/t58j, 02-3471-3453
에머이,http://dmaps.kr/6xb8s,02-522-7174
이모네쭈꾸미, http://dmaps.kr/t58n, 02-584-7087
밀숲, http://dmaps.kr/t58p, 02-525-2431
창성식당, http://dmaps.kr/t58q, 02-595-3630
듬북담북, http://dmaps.kr/t58r, 02-3477-8689
호아빈, http://dmaps.kr/t58y, 02-6424-3838
명동칼국수, http://dmaps.kr/t59z, 02-593-8961
광해떡볶이,http://dmaps.kr/6xb93,02-461-5360
아웃백, http://dmaps.kr/t594, 02-581-5761
임금님밥상, http://dmaps.kr/t65y, 02-522-5933
현경, http://dmaps.kr/t8kw, 02-595-8535
스스루, http://dmaps.kr/2ipxz, 02-585-0226
대독장,http://dmaps.kr/6xb9p,02-535-9200
샘밭막국수,http://dmaps.kr/6xba6,02-585-1702
명동곰돌이,http://dmaps.kr/6xbam,02-594-3989
돈수백,http://dmaps.kr/6xbb5,02-581-5110
쿠모돈까스,http://dmaps.kr/6xbbd,NULL
이여곰탕,http://dmaps.kr/6xbbj,02-598-9337